tool	Projection of integer hull 1.0	Projection of integer hull 1.0	Projection of integer hull 1.0	Projection of integer hull 1.0	Projection of integer hull 1.0	Projection of integer hull 1.0	Projection of integer hull 1.0	Projection of integer hull 1.0	Projection of integer hull 1.0	Projection of integer hull 1.0	Projection of integer hull 1.0	Projection of integer hull 1.0	Projection of integer hull 1.0	Projection of integer hull 1.0	Projection of integer hull 1.0	Projection of integer hull 1.0	Projection of integer hull 1.0	Projection of integer hull 1.0	Projection of integer hull 1.0	Projection of integer hull 1.0
run set	[lira-convex-hull-sc-precond-accelerate.polybench-integralized; lira-convex-hull-sc-precond-accelerate.cra-monotone-c4b-integralized; lira-convex-hull-sc-precond-accelerate.cra-monotone-hola-integralized; lira-convex-hull-sc-precond-accelerate.cra-monotone-svcomp-integralized]	[lira-convex-hull-sc-precond-accelerate.polybench-integralized; lira-convex-hull-sc-precond-accelerate.cra-monotone-c4b-integralized; lira-convex-hull-sc-precond-accelerate.cra-monotone-hola-integralized; lira-convex-hull-sc-precond-accelerate.cra-monotone-svcomp-integralized]	[lira-convex-hull-sc-precond-accelerate.polybench-integralized; lira-convex-hull-sc-precond-accelerate.cra-monotone-c4b-integralized; lira-convex-hull-sc-precond-accelerate.cra-monotone-hola-integralized; lira-convex-hull-sc-precond-accelerate.cra-monotone-svcomp-integralized]	[lira-convex-hull-sc-precond-accelerate.polybench-integralized; lira-convex-hull-sc-precond-accelerate.cra-monotone-c4b-integralized; lira-convex-hull-sc-precond-accelerate.cra-monotone-hola-integralized; lira-convex-hull-sc-precond-accelerate.cra-monotone-svcomp-integralized]	[lira-convex-hull-sc-precond-accelerate.polybench-integralized; lira-convex-hull-sc-precond-accelerate.cra-monotone-c4b-integralized; lira-convex-hull-sc-precond-accelerate.cra-monotone-hola-integralized; lira-convex-hull-sc-precond-accelerate.cra-monotone-svcomp-integralized]	[lira-convex-hull-sc-accelerated.polybench-integralized; lira-convex-hull-sc-accelerated.cra-monotone-c4b-integralized; lira-convex-hull-sc-accelerated.cra-monotone-hola-integralized; lira-convex-hull-sc-accelerated.cra-monotone-svcomp-integralized]	[lira-convex-hull-sc-accelerated.polybench-integralized; lira-convex-hull-sc-accelerated.cra-monotone-c4b-integralized; lira-convex-hull-sc-accelerated.cra-monotone-hola-integralized; lira-convex-hull-sc-accelerated.cra-monotone-svcomp-integralized]	[lira-convex-hull-sc-accelerated.polybench-integralized; lira-convex-hull-sc-accelerated.cra-monotone-c4b-integralized; lira-convex-hull-sc-accelerated.cra-monotone-hola-integralized; lira-convex-hull-sc-accelerated.cra-monotone-svcomp-integralized]	[lira-convex-hull-sc-accelerated.polybench-integralized; lira-convex-hull-sc-accelerated.cra-monotone-c4b-integralized; lira-convex-hull-sc-accelerated.cra-monotone-hola-integralized; lira-convex-hull-sc-accelerated.cra-monotone-svcomp-integralized]	[lira-convex-hull-sc-accelerated.polybench-integralized; lira-convex-hull-sc-accelerated.cra-monotone-c4b-integralized; lira-convex-hull-sc-accelerated.cra-monotone-hola-integralized; lira-convex-hull-sc-accelerated.cra-monotone-svcomp-integralized]	[convex-hull-by-cooper.polybench-integralized; convex-hull-by-cooper.cra-monotone-c4b-integralized; convex-hull-by-cooper.cra-monotone-hola-integralized; convex-hull-by-cooper.cra-monotone-svcomp-integralized]	[convex-hull-by-cooper.polybench-integralized; convex-hull-by-cooper.cra-monotone-c4b-integralized; convex-hull-by-cooper.cra-monotone-hola-integralized; convex-hull-by-cooper.cra-monotone-svcomp-integralized]	[convex-hull-by-cooper.polybench-integralized; convex-hull-by-cooper.cra-monotone-c4b-integralized; convex-hull-by-cooper.cra-monotone-hola-integralized; convex-hull-by-cooper.cra-monotone-svcomp-integralized]	[convex-hull-by-cooper.polybench-integralized; convex-hull-by-cooper.cra-monotone-c4b-integralized; convex-hull-by-cooper.cra-monotone-hola-integralized; convex-hull-by-cooper.cra-monotone-svcomp-integralized]	[convex-hull-by-cooper.polybench-integralized; convex-hull-by-cooper.cra-monotone-c4b-integralized; convex-hull-by-cooper.cra-monotone-hola-integralized; convex-hull-by-cooper.cra-monotone-svcomp-integralized]	[convex-hull-by-gc.polybench-integralized; convex-hull-by-gc.cra-monotone-c4b-integralized; convex-hull-by-gc.cra-monotone-hola-integralized; convex-hull-by-gc.cra-monotone-svcomp-integralized]	[convex-hull-by-gc.polybench-integralized; convex-hull-by-gc.cra-monotone-c4b-integralized; convex-hull-by-gc.cra-monotone-hola-integralized; convex-hull-by-gc.cra-monotone-svcomp-integralized]	[convex-hull-by-gc.polybench-integralized; convex-hull-by-gc.cra-monotone-c4b-integralized; convex-hull-by-gc.cra-monotone-hola-integralized; convex-hull-by-gc.cra-monotone-svcomp-integralized]	[convex-hull-by-gc.polybench-integralized; convex-hull-by-gc.cra-monotone-c4b-integralized; convex-hull-by-gc.cra-monotone-hola-integralized; convex-hull-by-gc.cra-monotone-svcomp-integralized]	[convex-hull-by-gc.polybench-integralized; convex-hull-by-gc.cra-monotone-c4b-integralized; convex-hull-by-gc.cra-monotone-hola-integralized; convex-hull-by-gc.cra-monotone-svcomp-integralized]
/home/diagram/src/research/projects/duet/bench-nk-local-projection/tasks/convhull/	status	cputime (s)	walltime (s)	memory (MB)	cpuenergy (J)	status	cputime (s)	walltime (s)	memory (MB)	cpuenergy (J)	status	cputime (s)	walltime (s)	memory (MB)	cpuenergy (J)	status	cputime (s)	walltime (s)	memory (MB)	cpuenergy (J)
cra-monotone-svcomp-reach-safety-integralized/loop-industry-pattern/ofuf_1ba9ad6.ihull4_integralized.yml	invalid result	99.224827266	99.24873066200234	273.399808	1560.910583	invalid result	0.670168179	0.6827770019954187	118.497280	11.601196	invalid result	0.443352853	0.4572299099963857	119.107584	6.906738	TIMEOUT	300.725584367	300.9080250600018	882.933760	4594.589966
cra-monotone-svcomp-reach-safety-integralized/loop-industry-pattern/ofuf_285cbaf.ihull4_integralized.yml	invalid result	100.076125464	100.09340527499444	264.556544	1388.754211	invalid result	0.445121704	0.44559332999779144	118.419456	5.952881	invalid result	0.42028491	0.42083684500539675	118.349824	5.669922	TIMEOUT	300.714184959	300.8175313480024	735.551488	4296.934875
cra-monotone-svcomp-reach-safety-integralized/loop-industry-pattern/ofuf_32f9c45.ihull4_integralized.yml	invalid result	97.679615777	97.68889581100666	264.679424	1478.196899	invalid result	0.499512158	0.5037525880034082	118.427648	7.221008	invalid result	0.429060322	0.4295283099927474	118.423552	5.523560	TIMEOUT	300.710339239	300.8818594120021	678.825984	4656.923462
cra-monotone-svcomp-reach-safety-integralized/loop-industry-pattern/ofuf_4db4e59.ihull4_integralized.yml	invalid result	101.880198636	101.9091342019965	264.896512	1365.357544	invalid result	0.454811664	0.45526247099769535	118.403072	7.282349	invalid result	0.435633766	0.43610391300171614	118.423552	6.997742	TIMEOUT	300.716876594	300.80751139399945	769.110016	3998.192566
cra-monotone-svcomp-reach-safety-integralized/loop-industry-pattern/ofuf_5b9d94c.ihull4_integralized.yml	invalid result	100.238296609	100.25310657299997	264.589312	1531.402832	invalid result	0.587727745	0.5885465300016222	118.358016	8.576660	invalid result	0.418854352	0.4192615319916513	118.345728	5.702454	TIMEOUT	300.726876351	300.85017677699943	734.314496	4316.943176
cra-monotone-svcomp-reach-safety-integralized/loops/verisec_OpenSER_cases1_stripFullBoth_arr34a10e.ihull2_integralized.yml	done	5.739828803	5.745128869995824	76.480512	84.320618	done	0.297263974	0.29773441999714123	38.539264	4.216003	done	0.268057639	0.26853822500561364	38.219776	3.286926	TIMEOUT	300.676316777	300.83156303899887	134.557696	4713.962219
cra-monotone-svcomp-reach-safety-integralized/nla-digbench-scaling/dijkstra-u_unwindbound10bb495c.ihull0_integralized.yml	done	1.083694966	1.0843893720011692	42.135552	16.717773	done	0.72275904	0.7233246399991913	38.703104	12.377808	done	25.118578877	3.7095792350010015	38.211584	91.491577	TIMEOUT	302.290545272	56.27101161999599	175.095808	972.698730
cra-monotone-svcomp-reach-safety-integralized/nla-digbench-scaling/dijkstra-u_unwindbound50b2482d.ihull0_integralized.yml	done	1.367737384	1.3724282960029086	43.716608	20.367676	done	0.739658841	0.7402192109948373	39.309312	11.698059	done	6.105354932	0.9976353889942402	37.048320	24.485962	TIMEOUT	305.889120662	58.35517697600153	146.673664	850.563477
cra-monotone-svcomp-reach-safety-integralized/nla-digbench-scaling/dijkstra-u_unwindbound5d23f3b.ihull0_integralized.yml	done	1.249380658	1.2533370640012436	41.869312	18.856567	done	0.684275397	0.6848783440000261	38.658048	11.321655	done	1.981008322	0.35964564699679613	39.448576	7.561035	TIMEOUT	305.580107969	57.84736487999908	138.604544	841.752747
cra-monotone-svcomp-reach-safety-integralized/nla-digbench-scaling/prod4br-ll_unwindbound209a3a52.ihull0_integralized.yml	done	1.455749013	1.4600515159982024	45.629440	22.883423	done	0.628623148	0.6291869440028677	39.235584	9.905640	done	2.032442937	0.415729137006565	36.167680	9.229431	TIMEOUT	304.209678178	55.06861851499707	165.146624	851.645691
cra-monotone-svcomp-reach-safety-integralized/nla-digbench-scaling/prod4br-ll_unwindbound5038b9c.ihull0_integralized.yml	done	1.195918008	1.1966610240051523	44.826624	18.370239	done	0.393975222	0.395601099000487	37.400576	5.380859	done	0.743978582	0.29639925798983313	37.224448	3.466858	TIMEOUT	303.530638962	50.38505635000183	69.038080	804.702820
cra-monotone-svcomp-reach-safety-integralized/nla-digbench-scaling/prod4br-ll_valuebound100041ea2.ihull0_integralized.yml	done	1.070104684	1.07075402099872	42.655744	15.687683	done	0.276766898	0.27726827199512627	36.470784	5.089783	done	0.592201189	0.20046656799968332	35.254272	2.876160	TIMEOUT	304.857441874	56.42393189699942	88.567808	716.527405
cra-monotone-svcomp-reach-safety-integralized/nla-digbench-scaling/prod4br-ll_valuebound105a5986.ihull0_integralized.yml	done	1.055308275	1.0560918970004423	42.684416	16.636475	done	0.263424065	0.2639379869942786	36.544512	3.343567	done	0.579073191	0.1789193620061269	35.463168	2.865601	TIMEOUT	303.699824544	54.3086915649983	91.062272	702.211670
cra-monotone-svcomp-reach-safety-integralized/nla-digbench-scaling/prod4br-ll_valuebound14b39d8.ihull0_integralized.yml	done	1.040250566	1.0408458479942055	42.196992	16.327332	done	0.325580864	0.32602662799763493	36.098048	6.164551	done	1.002064158	0.2608076940086903	37.888000	4.263245	TIMEOUT	302.740412584	59.86771304799913	90.861568	783.844116
cra-monotone-svcomp-reach-safety-integralized/nla-digbench-scaling/prod4br-ll_valuebound20144daa.ihull0_integralized.yml	done	1.055124317	1.0559017170016887	42.651648	14.454834	done	0.247907547	0.24840423499699682	36.466688	3.297607	done	0.663517397	0.20169841800816357	35.291136	3.283264	TIMEOUT	301.214554654	55.81045173000166	88.326144	755.201721
cra-monotone-svcomp-reach-safety-integralized/nla-digbench-scaling/prod4br-ll_valuebound265edbb.ihull0_integralized.yml	done	1.007481455	1.0082808019942604	42.721280	15.451477	done	0.26064851	0.261289879999822	36.474880	3.292358	done	0.59182996	0.20206415001302958	35.512320	2.678162	TIMEOUT	305.264526077	57.949332636999316	91.246592	726.450623
cra-monotone-svcomp-reach-safety-integralized/nla-digbench-scaling/prod4br-ll_valuebound50f3156d.ihull0_integralized.yml	done	1.05176302	1.0531691939977463	42.688512	15.354675	done	0.254184632	0.2547348419975606	36.454400	3.352722	done	0.585484395	0.19621397499577142	35.778560	2.745422	TIMEOUT	307.521122641	49.89868055199622	91.766784	632.638306
cra-monotone-svcomp-reach-safety-integralized/nla-digbench-scaling/prod4br-ll_valuebound53722ac.ihull0_integralized.yml	done	1.061215066	1.061865901996498	42.708992	14.912170	done	0.246877643	0.24737138799537206	36.507648	3.457031	done	0.574068627	0.18476323700451758	35.692544	2.672852	TIMEOUT	301.978963726	42.785663686998305	92.246016	511.640015
