tool	Projection of integer hull 1.0	Projection of integer hull 1.0	Projection of integer hull 1.0	Projection of integer hull 1.0	Projection of integer hull 1.0	Projection of integer hull 1.0	Projection of integer hull 1.0	Projection of integer hull 1.0	Projection of integer hull 1.0	Projection of integer hull 1.0	Projection of integer hull 1.0	Projection of integer hull 1.0	Projection of integer hull 1.0	Projection of integer hull 1.0	Projection of integer hull 1.0	Projection of integer hull 1.0	Projection of integer hull 1.0	Projection of integer hull 1.0	Projection of integer hull 1.0	Projection of integer hull 1.0	Projection of integer hull 1.0	Projection of integer hull 1.0	Projection of integer hull 1.0	Projection of integer hull 1.0	Projection of integer hull 1.0	Projection of integer hull 1.0	Projection of integer hull 1.0	Projection of integer hull 1.0	Projection of integer hull 1.0	Projection of integer hull 1.0
run set	[lira-convex-hull-sc-diversify-in-both.polybench; lira-convex-hull-sc-diversify-in-both.cra-monotone-c4b; lira-convex-hull-sc-diversify-in-both.cra-monotone-hola; lira-convex-hull-sc-diversify-in-both.cra-monotone-svcomp]	[lira-convex-hull-sc-diversify-in-both.polybench; lira-convex-hull-sc-diversify-in-both.cra-monotone-c4b; lira-convex-hull-sc-diversify-in-both.cra-monotone-hola; lira-convex-hull-sc-diversify-in-both.cra-monotone-svcomp]	[lira-convex-hull-sc-diversify-in-both.polybench; lira-convex-hull-sc-diversify-in-both.cra-monotone-c4b; lira-convex-hull-sc-diversify-in-both.cra-monotone-hola; lira-convex-hull-sc-diversify-in-both.cra-monotone-svcomp]	[lira-convex-hull-sc-diversify-in-both.polybench; lira-convex-hull-sc-diversify-in-both.cra-monotone-c4b; lira-convex-hull-sc-diversify-in-both.cra-monotone-hola; lira-convex-hull-sc-diversify-in-both.cra-monotone-svcomp]	[lira-convex-hull-sc-diversify-in-both.polybench; lira-convex-hull-sc-diversify-in-both.cra-monotone-c4b; lira-convex-hull-sc-diversify-in-both.cra-monotone-hola; lira-convex-hull-sc-diversify-in-both.cra-monotone-svcomp]	[lira-convex-hull-sc-diversify-in-dd.polybench; lira-convex-hull-sc-diversify-in-dd.cra-monotone-c4b; lira-convex-hull-sc-diversify-in-dd.cra-monotone-hola; lira-convex-hull-sc-diversify-in-dd.cra-monotone-svcomp]	[lira-convex-hull-sc-diversify-in-dd.polybench; lira-convex-hull-sc-diversify-in-dd.cra-monotone-c4b; lira-convex-hull-sc-diversify-in-dd.cra-monotone-hola; lira-convex-hull-sc-diversify-in-dd.cra-monotone-svcomp]	[lira-convex-hull-sc-diversify-in-dd.polybench; lira-convex-hull-sc-diversify-in-dd.cra-monotone-c4b; lira-convex-hull-sc-diversify-in-dd.cra-monotone-hola; lira-convex-hull-sc-diversify-in-dd.cra-monotone-svcomp]	[lira-convex-hull-sc-diversify-in-dd.polybench; lira-convex-hull-sc-diversify-in-dd.cra-monotone-c4b; lira-convex-hull-sc-diversify-in-dd.cra-monotone-hola; lira-convex-hull-sc-diversify-in-dd.cra-monotone-svcomp]	[lira-convex-hull-sc-diversify-in-dd.polybench; lira-convex-hull-sc-diversify-in-dd.cra-monotone-c4b; lira-convex-hull-sc-diversify-in-dd.cra-monotone-hola; lira-convex-hull-sc-diversify-in-dd.cra-monotone-svcomp]	[lira-convex-hull-sc-accelerated.polybench; lira-convex-hull-sc-accelerated.cra-monotone-c4b; lira-convex-hull-sc-accelerated.cra-monotone-hola; lira-convex-hull-sc-accelerated.cra-monotone-svcomp]	[lira-convex-hull-sc-accelerated.polybench; lira-convex-hull-sc-accelerated.cra-monotone-c4b; lira-convex-hull-sc-accelerated.cra-monotone-hola; lira-convex-hull-sc-accelerated.cra-monotone-svcomp]	[lira-convex-hull-sc-accelerated.polybench; lira-convex-hull-sc-accelerated.cra-monotone-c4b; lira-convex-hull-sc-accelerated.cra-monotone-hola; lira-convex-hull-sc-accelerated.cra-monotone-svcomp]	[lira-convex-hull-sc-accelerated.polybench; lira-convex-hull-sc-accelerated.cra-monotone-c4b; lira-convex-hull-sc-accelerated.cra-monotone-hola; lira-convex-hull-sc-accelerated.cra-monotone-svcomp]	[lira-convex-hull-sc-accelerated.polybench; lira-convex-hull-sc-accelerated.cra-monotone-c4b; lira-convex-hull-sc-accelerated.cra-monotone-hola; lira-convex-hull-sc-accelerated.cra-monotone-svcomp]	[lira-convex-hull-sc-precond-accelerate.polybench; lira-convex-hull-sc-precond-accelerate.cra-monotone-c4b; lira-convex-hull-sc-precond-accelerate.cra-monotone-hola; lira-convex-hull-sc-precond-accelerate.cra-monotone-svcomp]	[lira-convex-hull-sc-precond-accelerate.polybench; lira-convex-hull-sc-precond-accelerate.cra-monotone-c4b; lira-convex-hull-sc-precond-accelerate.cra-monotone-hola; lira-convex-hull-sc-precond-accelerate.cra-monotone-svcomp]	[lira-convex-hull-sc-precond-accelerate.polybench; lira-convex-hull-sc-precond-accelerate.cra-monotone-c4b; lira-convex-hull-sc-precond-accelerate.cra-monotone-hola; lira-convex-hull-sc-precond-accelerate.cra-monotone-svcomp]	[lira-convex-hull-sc-precond-accelerate.polybench; lira-convex-hull-sc-precond-accelerate.cra-monotone-c4b; lira-convex-hull-sc-precond-accelerate.cra-monotone-hola; lira-convex-hull-sc-precond-accelerate.cra-monotone-svcomp]	[lira-convex-hull-sc-precond-accelerate.polybench; lira-convex-hull-sc-precond-accelerate.cra-monotone-c4b; lira-convex-hull-sc-precond-accelerate.cra-monotone-hola; lira-convex-hull-sc-precond-accelerate.cra-monotone-svcomp]	[convex-hull-by-relax-real-lw.polybench; convex-hull-by-relax-real-lw.cra-monotone-c4b; convex-hull-by-relax-real-lw.cra-monotone-hola; convex-hull-by-relax-real-lw.cra-monotone-svcomp]	[convex-hull-by-relax-real-lw.polybench; convex-hull-by-relax-real-lw.cra-monotone-c4b; convex-hull-by-relax-real-lw.cra-monotone-hola; convex-hull-by-relax-real-lw.cra-monotone-svcomp]	[convex-hull-by-relax-real-lw.polybench; convex-hull-by-relax-real-lw.cra-monotone-c4b; convex-hull-by-relax-real-lw.cra-monotone-hola; convex-hull-by-relax-real-lw.cra-monotone-svcomp]	[convex-hull-by-relax-real-lw.polybench; convex-hull-by-relax-real-lw.cra-monotone-c4b; convex-hull-by-relax-real-lw.cra-monotone-hola; convex-hull-by-relax-real-lw.cra-monotone-svcomp]	[convex-hull-by-relax-real-lw.polybench; convex-hull-by-relax-real-lw.cra-monotone-c4b; convex-hull-by-relax-real-lw.cra-monotone-hola; convex-hull-by-relax-real-lw.cra-monotone-svcomp]	[convex-hull-by-relax-real-project-implicant-then-hull.polybench; convex-hull-by-relax-real-project-implicant-then-hull.cra-monotone-c4b; convex-hull-by-relax-real-project-implicant-then-hull.cra-monotone-hola; convex-hull-by-relax-real-project-implicant-then-hull.cra-monotone-svcomp]	[convex-hull-by-relax-real-project-implicant-then-hull.polybench; convex-hull-by-relax-real-project-implicant-then-hull.cra-monotone-c4b; convex-hull-by-relax-real-project-implicant-then-hull.cra-monotone-hola; convex-hull-by-relax-real-project-implicant-then-hull.cra-monotone-svcomp]	[convex-hull-by-relax-real-project-implicant-then-hull.polybench; convex-hull-by-relax-real-project-implicant-then-hull.cra-monotone-c4b; convex-hull-by-relax-real-project-implicant-then-hull.cra-monotone-hola; convex-hull-by-relax-real-project-implicant-then-hull.cra-monotone-svcomp]	[convex-hull-by-relax-real-project-implicant-then-hull.polybench; convex-hull-by-relax-real-project-implicant-then-hull.cra-monotone-c4b; convex-hull-by-relax-real-project-implicant-then-hull.cra-monotone-hola; convex-hull-by-relax-real-project-implicant-then-hull.cra-monotone-svcomp]	[convex-hull-by-relax-real-project-implicant-then-hull.polybench; convex-hull-by-relax-real-project-implicant-then-hull.cra-monotone-c4b; convex-hull-by-relax-real-project-implicant-then-hull.cra-monotone-hola; convex-hull-by-relax-real-project-implicant-then-hull.cra-monotone-svcomp]
/home/diagram/src/research/projects/duet/bench-nk-local-projection/tasks/convhull/	status	cputime (s)	walltime (s)	memory (MB)	cpuenergy (J)	status	cputime (s)	walltime (s)	memory (MB)	cpuenergy (J)	status	cputime (s)	walltime (s)	memory (MB)	cpuenergy (J)	status	cputime (s)	walltime (s)	memory (MB)	cpuenergy (J)	status	cputime (s)	walltime (s)	memory (MB)	cpuenergy (J)	status	cputime (s)	walltime (s)	memory (MB)	cpuenergy (J)
cra-monotone-HOLA/26fb6cf3.ihull2.yml	done	0.263896554	0.264350747995195	33.714176	3.552429	done	0.270357127	0.2709170739981346	33.759232	3.495178	TIMEOUT	300.670145446	300.8193369849978	50.053120	4702.682373	done	2.704769977	2.709151250004652	35.966976	39.416016	done	0.151083005	0.15150518898735754	31.838208	1.698486	done	0.136680313	0.1371850080031436	31.920128	1.344727
cra-monotone-svcomp-reach-safety/loop-industry-pattern/ofuf_1ba9ad6.ihull4.yml	invalid result	0.405580786	0.40601337800035253	114.597888	5.558228	invalid result	0.400400684	0.40082402400730643	114.712576	6.154968	invalid result	0.505051483	0.512672624005063	115.019776	7.499573	invalid result	110.216745567	110.22265531400626	267.374592	1767.617188	done	0.397877247	0.39837522599555086	44.036096	4.794922	done	88.799275123	88.8069393899932	413.794304	1489.200684
cra-monotone-svcomp-reach-safety/loop-industry-pattern/ofuf_285cbaf.ihull4.yml	invalid result	0.402111225	0.4026343879959313	114.798592	5.500610	invalid result	0.423447201	0.4239565460011363	114.778112	5.416504	invalid result	0.496145995	0.501493974996265	115.044352	6.638000	invalid result	113.025633552	113.0362013020058	266.211328	1908.701172	done	0.406877563	0.4073133210040396	43.814912	5.064880	done	91.6049417	91.65699965899694	414.334976	1615.106445
cra-monotone-svcomp-reach-safety/loop-industry-pattern/ofuf_32f9c45.ihull4.yml	invalid result	0.393935829	0.3945931530033704	114.671616	5.681030	invalid result	0.422371966	0.4229066760017304	114.757632	5.591553	invalid result	0.585785525	0.5914424549991963	115.077120	8.922241	invalid result	115.511672802	115.53124414199556	266.190848	1670.609619	done	0.390012005	0.39044431400543544	43.810816	5.033081	done	88.702850176	88.71977822300687	414.343168	1301.326477
cra-monotone-svcomp-reach-safety/loop-industry-pattern/ofuf_4db4e59.ihull4.yml	invalid result	0.402988803	0.40347863000351936	114.704384	5.576965	invalid result	0.407219844	0.4076447340048617	114.688000	5.206787	invalid result	0.51694783	0.5216154650042881	115.089408	7.155823	invalid result	121.959573516	121.99461879000592	266.194944	2146.184448	done	0.397985623	0.3984703169990098	43.937792	4.858215	done	86.081226762	86.09200685100222	414.322688	1320.105957
cra-monotone-svcomp-reach-safety/loop-industry-pattern/ofuf_5b9d94c.ihull4.yml	invalid result	0.442076545	0.4428533199970843	114.663424	5.343140	invalid result	0.407471116	0.40799164699274115	114.655232	5.504211	invalid result	0.48950119	0.4948797960023512	115.032064	8.826782	invalid result	120.478286809	120.52249472099356	266.145792	2026.182800	done	0.384004645	0.3844906010053819	43.880448	5.138733	done	91.796332514	91.84786293700745	414.461952	1334.173096
cra-monotone-svcomp-reach-safety/nla-digbench/hard-llade6bb.ihull1.yml	done	0.098250419	0.09884294199582655	31.465472	0.589539	done	0.083828373	0.08430647999921348	31.277056	0.794556	TIMEOUT	300.695828725	300.8134845340028	332.566528	2534.629333	done	0.110848881	0.11131882001063786	31.490048	1.781006	done	0.067587172	0.06816552100644913	30.433280	0.245056	done	0.063518178	0.06399615800182801	30.609408	0.338501
cra-monotone-svcomp-reach-safety/nla-digbench/hard-ue8a894.ihull1.yml	done	0.125926828	0.126473199998145	31.330304	0.741272	done	0.106978667	0.10750299200299196	31.428608	0.606995	TIMEOUT	300.690454641	300.82648272900406	332.562432	2374.164490	done	0.147834681	0.15278896898962557	31.608832	2.018005	done	0.06342191	0.06394397799158469	30.306304	0.293030	done	0.051167532	0.05548527400242165	30.613504	0.467102
cra-monotone-svcomp-reach-safety/nla-digbench/hard006b75.ihull1.yml	done	0.112763577	0.11324411300302017	31.494144	1.006592	done	0.104586275	0.10502426100720186	31.375360	0.988586	TIMEOUT	300.681540117	300.76895637699636	103.227392	4070.312622	done	0.187949178	0.1937590790039394	31.539200	3.126831	done	0.058883659	0.059365831009927206	30.248960	0.228943	done	0.067396002	0.07165079399419483	30.564352	0.306702
cra-monotone-svcomp-reach-safety/nla-digbench-scaling/hard-ll_valuebound100df5f90.ihull1.yml	done	0.096057671	0.09659850799653213	31.301632	0.714539	done	0.092593499	0.09320958399621304	31.256576	0.731445	TIMEOUT	300.695106927	300.80180654699507	332.591104	2497.581604	done	0.137094587	0.14109709599870257	31.485952	1.140015	done	0.056172575	0.05664912299835123	30.330880	0.281616	done	0.059619699	0.06378427099843975	30.568448	0.317200
cra-monotone-svcomp-reach-safety/nla-digbench-scaling/hard-ll_valuebound106dabca.ihull1.yml	done	0.096883795	0.09739233399159275	31.223808	0.713501	done	0.089323204	0.08978693801327609	31.318016	0.704895	TIMEOUT	300.698143534	300.80558427699725	332.562432	2170.137573	done	0.12483854	0.12902796299022157	31.531008	1.229736	done	0.057740319	0.058227813002304174	30.306304	0.270325	done	0.053548513	0.05774888499581721	30.646272	0.283875
cra-monotone-svcomp-reach-safety/nla-digbench-scaling/hard-ll_valuebound2f4c6b9.ihull1.yml	done	0.088055788	0.08858265800517984	31.232000	0.635071	done	0.096920859	0.09739205200457945	31.305728	0.702393	TIMEOUT	300.703457856	300.755466254006	332.537856	2244.744385	done	0.144528833	0.14889998600119725	31.678464	1.097412	done	0.06737558	0.06791852100286633	30.437376	0.257690	done	0.067283306	0.07143001399526838	30.597120	0.505737
cra-monotone-svcomp-reach-safety/nla-digbench-scaling/hard-ll_valuebound5003e397.ihull1.yml	done	0.092365449	0.09308247698936611	31.219712	0.761414	done	0.097479618	0.09798238100484014	31.387648	0.732788	TIMEOUT	300.698851282	300.76031914899795	332.644352	2273.459595	done	0.121427315	0.12562212299962994	31.580160	1.117554	done	0.047099416	0.04757987899938598	30.429184	0.239807	done	0.052701099	0.056683193004573695	30.654464	0.343262
cra-monotone-svcomp-reach-safety/nla-digbench-scaling/hard-ll_valuebound51c3646.ihull1.yml	done	0.096171016	0.09665569900244009	31.232000	0.707153	done	0.099849507	0.10041281601297669	31.227904	0.777405	TIMEOUT	300.701517837	300.76229699100077	332.546048	2325.616760	done	0.128930407	0.1329332669993164	31.485952	1.171753	done	0.076245605	0.07686694999574684	30.310400	0.190979	done	0.05550479	0.05944727099267766	30.588928	0.546814
cra-monotone-svcomp-reach-safety/nla-digbench-scaling/hard-u_valuebound10061af4d.ihull1.yml	done	0.10725418	0.10774407199642155	31.350784	0.634888	done	0.087211166	0.08769980700162705	31.277056	0.755066	TIMEOUT	300.700242977	300.7651663959987	332.533760	2271.117371	done	0.136079243	0.14040592400124297	31.600640	1.452332	done	0.061205755	0.06171930801065173	30.306304	0.337097	done	0.04956259	0.05367811799806077	30.609408	0.272644
cra-monotone-svcomp-reach-safety/nla-digbench-scaling/hard-u_valuebound106e017f.ihull1.yml	done	0.111154918	0.11170564600615762	31.305728	0.709900	done	0.097501403	0.09801551299460698	31.223808	0.730103	TIMEOUT	300.699692696	300.79156259599404	332.500992	2277.171936	done	0.122628446	0.12665646900131833	31.531008	1.626160	done	0.061381431	0.061825070006307214	30.318592	0.292175	done	0.057236443	0.06155959800526034	30.605312	0.289246
cra-monotone-svcomp-reach-safety/nla-digbench-scaling/hard-u_valuebound2b18d71.ihull1.yml	done	0.084678573	0.08507668299716897	31.301632	0.712463	done	0.090579591	0.0950679880043026	31.223808	0.677368	TIMEOUT	300.699452846	300.76353708799434	332.554240	2260.654053	done	0.138887927	0.1431164919922594	31.571968	1.203491	done	0.062055846	0.06254171600448899	30.306304	0.277893	done	0.051931999	0.05618059200060088	30.564352	0.375427
cra-monotone-svcomp-reach-safety/nla-digbench-scaling/hard-u_valuebound501160bf.ihull1.yml	done	0.110546835	0.11107875600282568	31.272960	0.777649	done	0.095867275	0.09644731199659873	31.281152	0.746704	TIMEOUT	300.702360813	300.78160404300434	332.570624	2217.267151	done	0.127531	0.13180639399797656	31.637504	1.229919	done	0.057664084	0.05825799598824233	30.322688	0.229797	done	0.059075177	0.06353920299443416	30.629888	0.352234
cra-monotone-svcomp-reach-safety/nla-digbench-scaling/hard-u_valuebound5dffaf3.ihull1.yml	done	0.094310225	0.09481928999593947	31.354880	0.652466	done	0.091658762	0.09214646100008395	31.363072	0.589111	TIMEOUT	300.6997201	300.77556587800063	332.521472	2244.204102	done	0.144126088	0.14818484999705106	31.535104	1.435669	done	0.077154494	0.07766901100694668	30.527488	0.171021	done	0.084626267	0.08891308099555317	30.547968	0.370605
cra-monotone-svcomp-reach-safety/nla-digbench-scaling/lcm1_unwindbound100bd73fc.ihull1.yml	done	0.060071756	0.060559459001524374	30.306304	0.321106	done	0.088296841	0.08889865200035274	30.351360	0.390625	TIMEOUT	300.704471315	300.75112297099986	343.298048	2226.424683	done	0.079409818	0.08357305999379605	30.564352	0.585388	done	0.068470259	0.06915172399021685	29.908992	0.210510	done	0.058273625	0.062449599005049095	30.146560	0.465149
cra-monotone-svcomp-reach-safety/nla-digbench-scaling/lcm1_unwindbound1025f910.ihull1.yml	done	0.07200233	0.07258059199375566	30.404608	0.385803	done	0.06401623	0.06459453399293125	30.437376	0.481506	TIMEOUT	300.680734418	300.74575096699846	68.100096	4159.555359	done	0.089557079	0.09365112399973441	30.568448	0.611755	done	0.063587135	0.06417580800189171	29.913088	0.170898	done	0.048177525	0.052345568998134695	30.044160	0.152649
cra-monotone-svcomp-reach-safety/nla-digbench-scaling/lcm1_unwindbound20711451.ihull1.yml	done	0.075993293	0.07655562298896257	30.351360	0.386230	done	0.06928662	0.06975373299792409	30.388224	0.301819	TIMEOUT	300.684618349	300.7327128620018	104.960000	4003.587708	done	0.074816021	0.07912199999555014	30.490624	0.558411	done	0.053843369	0.05434942700958345	29.859840	0.238525	done	0.047617707	0.0518116530001862	30.154752	0.203857
cra-monotone-svcomp-reach-safety/nla-digbench-scaling/lcm1_unwindbound50c1eb6f.ihull1.yml	done	0.059477304	0.05993568401027005	30.294016	0.470032	done	0.093238492	0.09375035201082937	30.441472	0.384399	TIMEOUT	300.682926376	300.7313493399997	69.132288	3900.008972	done	0.07283945	0.07682553300401196	30.507008	0.588013	done	0.077749274	0.07823307299986482	30.048256	0.166992	done	0.073913771	0.07473076399764977	30.306304	0.120239
cra-monotone-svcomp-reach-safety/nla-digbench-scaling/lcm1_unwindbound5c46488.ihull1.yml	done	0.059762008	0.06028301699552685	30.351360	0.478882	done	0.075141952	0.07563685999775771	30.363648	0.340149	TIMEOUT	300.694155734	300.7251458640021	186.937344	3308.776245	done	0.075601617	0.07970220599963795	30.568448	0.515625	done	0.045859389	0.04639298899564892	29.966336	0.164062	done	0.050187711	0.05426513899874408	30.113792	0.247253
